{"cameraMode":{"drawMode":0,"name":"Shaded","section":"Shading Mode"},"sceneLighting":false,"audioPlay":false,"sceneViewState":{"m_AlwaysRefresh":false,"showFog":true,"showSkybox":false,"showFlares":true,"showImageEffects":true,"showParticleSystems":true,"showVisualEffectGraphs":true,"m_FxEnabled":false},"in2DMode":false,"pivot":{"x":-0.6203362941741943,"y":0.86855149269104,"z":17.436063766479493},"rotation":{"x":0.055474862456321719,"y":-0.9439921975135803,"z":0.21307793259620667,"w":0.24576625227928163},"size":1.1345030069351197,"orthographic":false}