{"cameraMode":{"drawMode":0,"name":"Shaded","section":"Shading Mode"},"sceneLighting":false,"audioPlay":false,"sceneViewState":{"m_AlwaysRefresh":false,"showFog":true,"showSkybox":false,"showFlares":true,"showImageEffects":true,"showParticleSystems":true,"showVisualEffectGraphs":true,"m_FxEnabled":false},"in2DMode":false,"pivot":{"x":0.008199996314942837,"y":-0.10000000894069672,"z":-0.10164529085159302},"rotation":{"x":-0.11545022577047348,"y":0.8818954825401306,"z":-0.28474295139312746,"w":-0.3575679063796997},"size":0.07046224921941757,"orthographic":false}