{"cameraMode":{"drawMode":0,"name":"Shaded","section":"Shading Mode"},"sceneLighting":false,"audioPlay":false,"sceneViewState":{"m_AlwaysRefresh":false,"showFog":true,"showSkybox":false,"showFlares":true,"showImageEffects":true,"showParticleSystems":true,"showVisualEffectGraphs":true,"m_FxEnabled":false},"in2DMode":false,"pivot":{"x":0.010529443621635437,"y":0.024311622604727746,"z":-0.03816676884889603},"rotation":{"x":-0.040373049676418307,"y":0.9578208327293396,"z":-0.16866758465766908,"w":-0.22924542427062989},"size":0.08147808164358139,"orthographic":false}