{"cameraMode":{"drawMode":0,"name":"Shaded","section":"Shading Mode"},"sceneLighting":false,"audioPlay":false,"sceneViewState":{"m_AlwaysRefresh":false,"showFog":true,"showSkybox":false,"showFlares":true,"showImageEffects":true,"showParticleSystems":true,"showVisualEffectGraphs":true,"m_FxEnabled":false},"in2DMode":false,"pivot":{"x":0.02444421499967575,"y":-0.010167311877012253,"z":0.0687035471200943},"rotation":{"x":-0.34042835235595705,"y":-0.3974184989929199,"z":0.16168436408042909,"w":-0.8367014527320862},"size":0.24641115963459016,"orthographic":false}