{"cameraMode":{"drawMode":0,"name":"Shaded","section":"Shading Mode"},"sceneLighting":false,"audioPlay":false,"sceneViewState":{"m_AlwaysRefresh":false,"showFog":true,"showSkybox":false,"showFlares":true,"showImageEffects":true,"showParticleSystems":true,"showVisualEffectGraphs":true,"m_FxEnabled":false},"in2DMode":false,"pivot":{"x":1.6203018426895142,"y":9.049113273620606,"z":15.621109008789063},"rotation":{"x":-0.04070816561579704,"y":0.8032853007316589,"z":-0.5916256904602051,"w":-0.055271927267313007},"size":0.42299550771713259,"orthographic":false}