{"cameraMode":{"drawMode":0,"name":"Shaded","section":"Shading Mode"},"sceneLighting":false,"audioPlay":false,"sceneViewState":{"m_AlwaysRefresh":false,"showFog":true,"showSkybox":true,"showFlares":true,"showImageEffects":true,"showParticleSystems":true,"showVisualEffectGraphs":true,"m_FxEnabled":false},"in2DMode":false,"pivot":{"x":-19.259878158569337,"y":-3.4175100326538088,"z":2.7201147079467775},"rotation":{"x":0.0669565349817276,"y":-0.7998688817024231,"z":0.09086595475673676,"w":0.5895105004310608},"size":12.070639610290528,"orthographic":false}