{"cameraMode":{"drawMode":0,"name":"Shaded","section":"Shading Mode"},"sceneLighting":true,"audioPlay":false,"sceneViewState":{"m_AlwaysRefresh":false,"showFog":true,"showSkybox":false,"showFlares":true,"showImageEffects":true,"showParticleSystems":true,"showVisualEffectGraphs":true,"m_FxEnabled":false},"in2DMode":false,"pivot":{"x":1.6244778633117676,"y":1.4114803075790406,"z":11.672563552856446},"rotation":{"x":-0.12207687646150589,"y":0.8778199553489685,"z":-0.3202400505542755,"w":-0.3346289098262787},"size":1.7348990440368653,"orthographic":false}