{"cameraMode":{"drawMode":0,"name":"Shaded","section":"Shading Mode"},"sceneLighting":true,"audioPlay":false,"sceneViewState":{"m_AlwaysRefresh":false,"showFog":true,"showSkybox":false,"showFlares":true,"showImageEffects":true,"showParticleSystems":true,"showVisualEffectGraphs":true,"m_FxEnabled":false},"in2DMode":false,"pivot":{"x":0.16357016563415528,"y":1.2530028820037842,"z":13.154556274414063},"rotation":{"x":-0.12207687646150589,"y":0.8778199553489685,"z":-0.3202400505542755,"w":-0.3346289098262787},"size":5.1361894607543949,"orthographic":false}