{"cameraMode":{"drawMode":0,"name":"Shaded","section":"Shading Mode"},"sceneLighting":false,"audioPlay":false,"sceneViewState":{"m_AlwaysRefresh":false,"showFog":true,"showSkybox":true,"showFlares":true,"showImageEffects":true,"showParticleSystems":true,"showVisualEffectGraphs":true,"m_FxEnabled":false},"in2DMode":false,"pivot":{"x":-0.5201942920684815,"y":2.740952491760254,"z":11.826186180114746},"rotation":{"x":-0.027055524289608,"y":0.9560506343841553,"z":-0.27669569849967959,"w":-0.09353344142436981},"size":0.023614030331373216,"orthographic":false}