{"cameraMode":{"drawMode":0,"name":"Shaded","section":"Shading Mode"},"sceneLighting":false,"audioPlay":false,"sceneViewState":{"m_AlwaysRefresh":false,"showFog":true,"showSkybox":false,"showFlares":true,"showImageEffects":true,"showParticleSystems":true,"showVisualEffectGraphs":true,"m_FxEnabled":false},"in2DMode":false,"pivot":{"x":1.8695412874221802,"y":0.854766845703125,"z":-1.0155136585235596},"rotation":{"x":0.15742498636245728,"y":0.8425731062889099,"z":0.36329764127731326,"w":-0.36510637402534487},"size":0.5099900960922241,"orthographic":false}