{"cameraMode":{"drawMode":0,"name":"Shaded","section":"Shading Mode"},"sceneLighting":false,"audioPlay":false,"sceneViewState":{"m_AlwaysRefresh":false,"showFog":true,"showSkybox":false,"showFlares":true,"showImageEffects":true,"showParticleSystems":true,"showVisualEffectGraphs":true,"m_FxEnabled":false},"in2DMode":false,"pivot":{"x":1.2480578422546387,"y":0.6742599010467529,"z":-1.0059733390808106},"rotation":{"x":-0.22342070937156678,"y":-0.08556867390871048,"z":0.019694682210683824,"w":-0.9707677364349365},"size":3.674933671951294,"orthographic":false}