{"cameraMode":{"drawMode":0,"name":"Shaded","section":"Shading Mode"},"sceneLighting":false,"audioPlay":false,"sceneViewState":{"m_AlwaysRefresh":false,"showFog":true,"showSkybox":true,"showFlares":true,"showImageEffects":true,"showParticleSystems":true,"showVisualEffectGraphs":true,"m_FxEnabled":false},"in2DMode":false,"pivot":{"x":-23.753084182739259,"y":-2.7831926345825197,"z":0.038230180740356448},"rotation":{"x":0.19114942848682404,"y":-0.6938934922218323,"z":0.1994667947292328,"w":0.664979875087738},"size":13.345382690429688,"orthographic":false}