{"cameraMode":{"drawMode":0,"name":"Shaded","section":"Shading Mode"},"sceneLighting":false,"audioPlay":false,"sceneViewState":{"m_AlwaysRefresh":false,"showFog":true,"showSkybox":false,"showFlares":true,"showImageEffects":true,"showParticleSystems":true,"showVisualEffectGraphs":true,"m_FxEnabled":false},"in2DMode":false,"pivot":{"x":-0.008892476558685303,"y":0.2146279513835907,"z":12.204773902893067},"rotation":{"x":-0.04070816561579704,"y":0.8032853007316589,"z":-0.5916256904602051,"w":-0.055271927267313007},"size":4.590023994445801,"orthographic":false}