{"cameraMode":{"drawMode":0,"name":"Shaded","section":"Shading Mode"},"sceneLighting":true,"audioPlay":false,"sceneViewState":{"m_AlwaysRefresh":false,"showFog":true,"showSkybox":false,"showFlares":true,"showImageEffects":true,"showParticleSystems":true,"showVisualEffectGraphs":true,"m_FxEnabled":false},"in2DMode":false,"pivot":{"x":0.23393112421035767,"y":0.3134174346923828,"z":0.8356246948242188},"rotation":{"x":-0.01984424516558647,"y":0.9777132272720337,"z":-0.1785300225019455,"w":-0.10867615789175034},"size":0.6919717788696289,"orthographic":false}