{"cameraMode":{"drawMode":0,"name":"Shaded","section":"Shading Mode"},"sceneLighting":false,"audioPlay":false,"sceneViewState":{"m_AlwaysRefresh":false,"showFog":true,"showSkybox":false,"showFlares":true,"showImageEffects":true,"showParticleSystems":true,"showVisualEffectGraphs":true,"m_FxEnabled":false},"in2DMode":false,"pivot":{"x":345.72174072265627,"y":-61.939971923828128,"z":58.64935302734375},"rotation":{"x":0.10450379550457001,"y":0.010728823952376843,"z":-0.0012002811999991537,"w":0.9944955706596375},"size":668.841552734375,"orthographic":false}