{"cameraMode":{"drawMode":0,"name":"Shaded","section":"Shading Mode"},"sceneLighting":false,"audioPlay":false,"sceneViewState":{"m_AlwaysRefresh":false,"showFog":true,"showSkybox":false,"showFlares":true,"showImageEffects":true,"showParticleSystems":true,"showVisualEffectGraphs":true,"m_FxEnabled":false},"in2DMode":false,"pivot":{"x":1.7156927585601807,"y":1.0320301055908204,"z":11.908256530761719},"rotation":{"x":0.35780927538871767,"y":-0.1955711543560028,"z":0.07716023921966553,"w":0.9099025726318359},"size":2.939242362976074,"orthographic":false}