{"cameraMode":{"drawMode":0,"name":"Shaded","section":"Shading Mode"},"sceneLighting":false,"audioPlay":false,"sceneViewState":{"m_AlwaysRefresh":false,"showFog":true,"showSkybox":false,"showFlares":true,"showImageEffects":true,"showParticleSystems":true,"showVisualEffectGraphs":true,"m_FxEnabled":false},"in2DMode":false,"pivot":{"x":-0.26400065422058108,"y":1.3098533153533936,"z":-0.12083080410957337},"rotation":{"x":0.012721993029117585,"y":-0.9694852828979492,"z":0.05153824761509895,"w":0.23944300413131715},"size":0.5977509617805481,"orthographic":false}