{"cameraMode":{"drawMode":0,"name":"Shaded","section":"Shading Mode"},"sceneLighting":false,"audioPlay":false,"sceneViewState":{"m_AlwaysRefresh":false,"showFog":true,"showSkybox":false,"showFlares":true,"showImageEffects":true,"showParticleSystems":true,"showVisualEffectGraphs":true,"m_FxEnabled":false},"in2DMode":false,"pivot":{"x":1.845377802848816,"y":-0.012194782495498658,"z":0.5431023240089417},"rotation":{"x":-0.34042835235595705,"y":-0.3974184989929199,"z":0.16168436408042909,"w":-0.8367014527320862},"size":0.1575038880109787,"orthographic":false}